-- --------------------------------------------------------
-- Host:                         localhost
-- Server version:               5.5.41-0ubuntu0.14.04.1 - (Ubuntu)
-- Server OS:                    debian-linux-gnu
-- HeidiSQL version:             7.0.0.4053
-- Date/time:                    2015-01-30 17:08:12
-- --------------------------------------------------------

/*!40101 SET @OLD_CHARACTER_SET_CLIENT=@@CHARACTER_SET_CLIENT */;
/*!40101 SET NAMES utf8 */;
/*!40014 SET FOREIGN_KEY_CHECKS=0 */;

-- Dumping database structure for latvianterritory
DROP DATABASE IF EXISTS `latvianterritory`;
CREATE DATABASE IF NOT EXISTS `latvianterritory` /*!40100 DEFAULT CHARACTER SET utf8 */;
USE `latvianterritory`;


-- Dumping structure for table latvianterritory.novadi
DROP TABLE IF EXISTS `novadi`;
CREATE TABLE IF NOT EXISTS `novadi` (
  `id` int(10) unsigned zerofill NOT NULL AUTO_INCREMENT,
  `nosaukums` varchar(25) NOT NULL,
  `tips` int(11) NOT NULL DEFAULT '1' COMMENT 'Novads, pagasts u.c.',
  `paklauts` int(11) NOT NULL DEFAULT '5' COMMENT 'Vecākelementa ID',
  PRIMARY KEY (`id`),
  KEY `paklauts` (`paklauts`),
  KEY `tips_id` (`tips`)
) ENGINE=InnoDB AUTO_INCREMENT=673 DEFAULT CHARSET=utf8 ROW_FORMAT=COMPACT COMMENT='Novadi un to teritoriālā iedalījuma vienības';

-- Dumping data for table latvianterritory.novadi: ~649 rows (approximately)
DELETE FROM `novadi`;
/*!40000 ALTER TABLE `novadi` DISABLE KEYS */;
INSERT INTO `novadi` (`id`, `nosaukums`, `tips`, `paklauts`) VALUES
	(0000000001, 'Ādažu', 3, 0),
	(0000000002, 'Aglonas', 3, 0),
	(0000000003, 'Aizkraukles', 3, 0),
	(0000000004, 'Aizputes', 3, 0),
	(0000000005, 'Aknīstes', 3, 0),
	(0000000006, 'Alojas', 3, 0),
	(0000000007, 'Alsungas', 3, 0),
	(0000000008, 'Alūksnes', 3, 0),
	(0000000009, 'Amatas', 3, 0),
	(0000000010, 'Apes', 3, 0),
	(0000000011, 'Auces', 3, 0),
	(0000000012, 'Babītes', 3, 0),
	(0000000013, 'Baltinavas', 3, 0),
	(0000000014, 'Balvu', 3, 0),
	(0000000015, 'Bauskas', 3, 0),
	(0000000016, 'Beverīnas', 3, 0),
	(0000000017, 'Brocēnu', 3, 0),
	(0000000018, 'Burtnieku', 3, 0),
	(0000000019, 'Carnikavas', 3, 0),
	(0000000020, 'Cēsu', 3, 0),
	(0000000021, 'Cesvaines', 3, 0),
	(0000000022, 'Ciblas', 3, 0),
	(0000000023, 'Dagdas', 3, 0),
	(0000000024, 'Daugavpils', 3, 0),
	(0000000025, 'Dobeles', 3, 0),
	(0000000026, 'Dundagas', 3, 0),
	(0000000027, 'Durbes', 3, 0),
	(0000000028, 'Engures', 3, 0),
	(0000000029, 'Ērgļu', 3, 0),
	(0000000030, 'Garkalnes', 3, 0),
	(0000000031, 'Grobiņas', 3, 0),
	(0000000032, 'Gulbenes', 3, 0),
	(0000000033, 'Iecavas', 3, 0),
	(0000000034, 'Ikšķiles', 3, 0),
	(0000000035, 'Ilūkstes', 3, 0),
	(0000000036, 'Inčukalna', 3, 0),
	(0000000037, 'Jaunjelgavas', 3, 0),
	(0000000038, 'Jaunpiebalgas', 3, 0),
	(0000000039, 'Jaunpils', 3, 0),
	(0000000040, 'Jēkabpils', 3, 0),
	(0000000041, 'Jelgavas', 3, 0),
	(0000000042, 'Kandavas', 3, 0),
	(0000000043, 'Kārsavas', 3, 0),
	(0000000044, 'Kocēnu', 3, 0),
	(0000000045, 'Kokneses', 3, 0),
	(0000000046, 'Krāslavas', 3, 0),
	(0000000047, 'Krimuldas', 3, 0),
	(0000000048, 'Krustpils', 3, 0),
	(0000000049, 'Kuldīgas', 3, 0),
	(0000000050, 'Ķeguma', 3, 0),
	(0000000051, 'Ķekavas', 3, 0),
	(0000000052, 'Lielvārdes', 3, 0),
	(0000000053, 'Līgatnes', 3, 0),
	(0000000054, 'Limbažu', 3, 0),
	(0000000055, 'Līvānu', 3, 0),
	(0000000056, 'Lubānas', 3, 0),
	(0000000057, 'Ludzas', 3, 0),
	(0000000058, 'Madonas', 3, 0),
	(0000000059, 'Mālpils', 3, 0),
	(0000000060, 'Mārupes', 3, 0),
	(0000000061, 'Mazsalacas', 3, 0),
	(0000000062, 'Mērsraga', 3, 0),
	(0000000063, 'Naukšēnu', 3, 0),
	(0000000064, 'Neretas', 3, 0),
	(0000000065, 'Nīcas', 3, 0),
	(0000000066, 'Ogres', 3, 0),
	(0000000067, 'Olaines', 3, 0),
	(0000000068, 'Ozolnieku', 3, 0),
	(0000000069, 'Pārgaujas', 3, 0),
	(0000000070, 'Pāvilostas', 3, 0),
	(0000000071, 'Pļaviņu', 3, 0),
	(0000000072, 'Preiļu', 3, 0),
	(0000000073, 'Priekules', 3, 0),
	(0000000074, 'Priekuļu', 3, 0),
	(0000000075, 'Raunas', 3, 0),
	(0000000076, 'Rēzeknes', 3, 0),
	(0000000077, 'Riebiņu', 3, 0),
	(0000000078, 'Rojas', 3, 0),
	(0000000079, 'Ropažu', 3, 0),
	(0000000080, 'Rucavas', 3, 0),
	(0000000081, 'Rugāju', 3, 0),
	(0000000082, 'Rūjienas', 3, 0),
	(0000000083, 'Rundāles', 3, 0),
	(0000000084, 'Salacgrīvas', 3, 0),
	(0000000085, 'Salas', 3, 0),
	(0000000086, 'Salaspils', 3, 0),
	(0000000087, 'Saldus', 3, 0),
	(0000000088, 'Saulkrastu', 3, 0),
	(0000000089, 'Sējas', 3, 0),
	(0000000090, 'Siguldas', 3, 0),
	(0000000091, 'Skrīveru', 3, 0),
	(0000000092, 'Skrundas', 3, 0),
	(0000000093, 'Smiltenes', 3, 0),
	(0000000094, 'Stopiņu', 3, 0),
	(0000000095, 'Strenču', 3, 0),
	(0000000096, 'Talsu', 3, 0),
	(0000000097, 'Tērvetes', 3, 0),
	(0000000098, 'Tukuma', 3, 0),
	(0000000099, 'Vaiņodes', 3, 0),
	(0000000100, 'Valkas', 3, 0),
	(0000000101, 'Varakļānu', 3, 0),
	(0000000102, 'Vārkavas', 3, 0),
	(0000000103, 'Vecpiebalgas', 3, 0),
	(0000000104, 'Vecumnieku', 3, 0),
	(0000000105, 'Ventspils', 3, 0),
	(0000000106, 'Viesītes', 3, 0),
	(0000000107, 'Viļakas', 3, 0),
	(0000000108, 'Viļānu', 3, 0),
	(0000000109, 'Zilupes', 3, 0),
	(0000000110, 'Aglonas', 1, 2),
	(0000000111, 'Grāveru', 1, 2),
	(0000000112, 'Kastuļinas', 1, 2),
	(0000000113, 'Šķeltovas', 1, 2),
	(0000000114, 'Aizkraukles', 1, 3),
	(0000000115, 'Aizkraukles', 2, 3),
	(0000000116, 'Aizputes', 1, 4),
	(0000000117, 'Aizputes', 2, 4),
	(0000000118, 'Cīravas', 1, 4),
	(0000000119, 'Kalvenes', 1, 4),
	(0000000120, 'Kazdangas', 1, 4),
	(0000000121, 'Lažas', 1, 4),
	(0000000122, 'Aknīstes', 1, 5),
	(0000000123, 'Aknīstes', 2, 5),
	(0000000124, 'Asares', 1, 5),
	(0000000125, 'Gārsenes', 1, 5),
	(0000000126, 'Alojas', 1, 6),
	(0000000127, 'Alojas', 2, 6),
	(0000000128, 'Braslavas', 1, 6),
	(0000000129, 'Brīvzemnieku', 1, 6),
	(0000000130, 'Staiceles', 1, 6),
	(0000000131, 'Staiceles', 2, 6),
	(0000000132, 'Alsviķu', 1, 8),
	(0000000133, 'Alūksnes', 2, 8),
	(0000000134, 'Annas', 1, 8),
	(0000000135, 'Ilzenes', 1, 8),
	(0000000136, 'Jaunalūksnes', 1, 8),
	(0000000137, 'Jaunannas', 1, 8),
	(0000000138, 'Jaunlaicenes', 1, 8),
	(0000000139, 'Kalncempju', 1, 8),
	(0000000140, 'Liepnas', 1, 8),
	(0000000141, 'Malienas', 1, 8),
	(0000000142, 'Mālupes', 1, 8),
	(0000000143, 'Mārkalnes', 1, 8),
	(0000000144, 'Pededzes', 1, 8),
	(0000000145, 'Veclaicenes', 1, 8),
	(0000000146, 'Zeltiņu', 1, 8),
	(0000000147, 'Ziemera', 1, 8),
	(0000000148, 'Amatas', 1, 9),
	(0000000149, 'Drabešu', 1, 9),
	(0000000150, 'Nītaures', 1, 9),
	(0000000151, 'Skujenes', 1, 9),
	(0000000152, 'Zaubes', 1, 9),
	(0000000153, 'Apes', 1, 10),
	(0000000154, 'Apes', 2, 10),
	(0000000155, 'Gaujienas', 1, 10),
	(0000000156, 'Trapenes', 1, 10),
	(0000000157, 'Virešu', 1, 10),
	(0000000158, 'Auces', 2, 11),
	(0000000159, 'Bēnes', 1, 11),
	(0000000160, 'Īles', 1, 11),
	(0000000161, 'Lielauces', 1, 11),
	(0000000162, 'Ukru', 1, 11),
	(0000000163, 'Vecauces', 1, 11),
	(0000000164, 'Vītiņu', 1, 11),
	(0000000165, 'Babītes', 1, 12),
	(0000000166, 'Salas', 1, 12),
	(0000000167, 'Baldones', 1, 13),
	(0000000168, 'Baldones', 2, 13),
	(0000000169, 'Balvu', 1, 15),
	(0000000170, 'Balvu', 2, 15),
	(0000000171, 'Bērzkalnes', 1, 15),
	(0000000172, 'Bērzpils', 1, 15),
	(0000000173, 'Briežuciema', 1, 15),
	(0000000174, 'Krišjāņu', 1, 15),
	(0000000175, 'Kubulu', 1, 15),
	(0000000176, 'Lazdulejas', 1, 15),
	(0000000177, 'Tilžas', 1, 15),
	(0000000178, 'Vectilžas', 1, 15),
	(0000000179, 'Vīksnas', 1, 15),
	(0000000180, 'Bauskas', 2, 16),
	(0000000181, 'Brunavas', 1, 16),
	(0000000182, 'Ceraukstes', 1, 16),
	(0000000183, 'Codes', 1, 16),
	(0000000184, 'Dāviņu', 1, 16),
	(0000000185, 'Gailīšu', 1, 16),
	(0000000186, 'Īslīces', 1, 16),
	(0000000187, 'Mežotnes', 1, 16),
	(0000000188, 'Vecsaules', 1, 16),
	(0000000189, 'Brenguļu', 1, 17),
	(0000000190, 'Kauguru', 1, 17),
	(0000000191, 'Trikātas', 1, 17),
	(0000000192, 'Blīdenes', 1, 18),
	(0000000193, 'Brocēnu', 2, 18),
	(0000000194, 'Cieceres', 1, 18),
	(0000000195, 'Gaiķu', 1, 18),
	(0000000196, 'Remtes', 1, 18),
	(0000000197, 'Burtnieku', 1, 19),
	(0000000198, 'Ēveles', 1, 19),
	(0000000199, 'Matīšu', 1, 19),
	(0000000200, 'Rencēnu', 1, 19),
	(0000000201, 'Valmieras', 1, 19),
	(0000000202, 'Vecates', 1, 19),
	(0000000203, 'Cēsu', 2, 21),
	(0000000204, 'Vaives', 1, 21),
	(0000000205, 'Cesvaines', 1, 22),
	(0000000206, 'Cesvaines', 2, 22),
	(0000000207, 'Blontu', 1, 23),
	(0000000208, 'Ciblas', 1, 23),
	(0000000209, 'Līdumnieku', 1, 23),
	(0000000210, 'Pušmucovas', 1, 23),
	(0000000211, 'Zvirgzdenes', 1, 23),
	(0000000212, 'Andrupenes', 1, 24),
	(0000000213, 'Andzeļu', 1, 24),
	(0000000214, 'Asūnes', 1, 24),
	(0000000215, 'Bērziņu', 1, 24),
	(0000000216, 'Dagdas', 1, 24),
	(0000000217, 'Dagdas', 2, 24),
	(0000000218, 'Ezernieku', 1, 24),
	(0000000219, 'Konstantinovas', 1, 24),
	(0000000220, 'Ķepovas', 1, 24),
	(0000000221, 'Svariņu', 1, 24),
	(0000000222, 'Šķaunes', 1, 24),
	(0000000223, 'Ambeļu', 1, 25),
	(0000000224, 'Biķernieku', 1, 25),
	(0000000225, 'Demenes', 1, 25),
	(0000000226, 'Dubnas', 1, 25),
	(0000000227, 'Kalkūnes', 1, 25),
	(0000000228, 'Kalupes', 1, 25),
	(0000000229, 'Laucesas', 1, 25),
	(0000000230, 'Līksnas', 1, 25),
	(0000000231, 'Maļinovas', 1, 25),
	(0000000232, 'Medumu', 1, 25),
	(0000000233, 'Naujenes', 1, 25),
	(0000000234, 'Nīcgales', 1, 25),
	(0000000235, 'Salienas', 1, 25),
	(0000000236, 'Skrudalienas', 1, 25),
	(0000000237, 'Sventes', 1, 25),
	(0000000238, 'Tabores', 1, 25),
	(0000000239, 'Vaboles', 1, 25),
	(0000000240, 'Vecsalienas', 1, 25),
	(0000000241, 'Višķu', 1, 25),
	(0000000242, 'Annenieku', 1, 26),
	(0000000243, 'Auru', 1, 26),
	(0000000244, 'Bērzes', 1, 26),
	(0000000245, 'Bikstu', 1, 26),
	(0000000246, 'Dobeles', 1, 26),
	(0000000247, 'Dobeles', 2, 26),
	(0000000248, 'Jaunbērzes', 1, 26),
	(0000000249, 'Krimūnu', 1, 26),
	(0000000250, 'Naudītes', 1, 26),
	(0000000251, 'Penkules', 1, 26),
	(0000000252, 'Zebrenes', 1, 26),
	(0000000253, 'Dundagas', 1, 27),
	(0000000254, 'Kolkas', 1, 27),
	(0000000255, 'Dunalkas', 1, 28),
	(0000000256, 'Durbes', 1, 28),
	(0000000257, 'Durbes', 2, 28),
	(0000000258, 'Tadaiķu', 1, 28),
	(0000000259, 'Vecpils', 1, 28),
	(0000000260, 'Engures', 1, 29),
	(0000000261, 'Lapmežciema', 1, 29),
	(0000000262, 'Smārdes', 1, 29),
	(0000000263, 'Ērgļu', 1, 30),
	(0000000264, 'Jumurdas', 1, 30),
	(0000000265, 'Sausnējas', 1, 30),
	(0000000266, 'Bārtas', 1, 32),
	(0000000267, 'Gaviezes', 1, 32),
	(0000000268, 'Grobiņas', 1, 32),
	(0000000269, 'Grobiņas', 2, 32),
	(0000000270, 'Medzes', 1, 32),
	(0000000271, 'Beļavas', 1, 33),
	(0000000272, 'Daukstu', 1, 33),
	(0000000273, 'Druvienas', 1, 33),
	(0000000274, 'Galgauskas', 1, 33),
	(0000000275, 'Gulbenes', 2, 33),
	(0000000276, 'Jaungulbenes', 1, 33),
	(0000000277, 'Lejasciema', 1, 33),
	(0000000278, 'Līgo', 1, 33),
	(0000000279, 'Litenes', 1, 33),
	(0000000280, 'Lizuma', 1, 33),
	(0000000281, 'Rankas', 1, 33),
	(0000000282, 'Stāmerienas', 1, 33),
	(0000000283, 'Stradu', 1, 33),
	(0000000284, 'Tirzas', 1, 33),
	(0000000285, 'Ikšķiles', 2, 35),
	(0000000286, 'Tīnūžu', 1, 35),
	(0000000287, 'Bebrenes', 1, 36),
	(0000000288, 'Dvietes', 1, 36),
	(0000000289, 'Eglaines', 1, 36),
	(0000000290, 'Ilūkstes', 2, 36),
	(0000000291, 'Pilskalnes', 1, 36),
	(0000000292, 'Prodes', 1, 36),
	(0000000293, 'Subates', 2, 36),
	(0000000294, 'Šēderes', 1, 36),
	(0000000295, 'Inčukalna', 1, 37),
	(0000000296, 'Vangažu', 2, 37),
	(0000000297, 'Daudzeses', 1, 38),
	(0000000298, 'Jaunjelgavas', 1, 38),
	(0000000299, 'Jaunjelgavas', 2, 38),
	(0000000300, 'Seces', 1, 38),
	(0000000301, 'Sērenes', 1, 38),
	(0000000302, 'Staburaga', 1, 38),
	(0000000303, 'Sunākstes', 1, 38),
	(0000000304, 'Jaunpiebalgas', 1, 39),
	(0000000305, 'Zosēnu', 1, 39),
	(0000000306, 'Jaunpils', 1, 40),
	(0000000307, 'Viesatu', 1, 40),
	(0000000308, 'Ābeļu', 1, 41),
	(0000000309, 'Dignājas', 1, 41),
	(0000000310, 'Dunavas', 1, 41),
	(0000000311, 'Kalna', 1, 41),
	(0000000312, 'Leimaņu', 1, 41),
	(0000000313, 'Rubenes', 1, 41),
	(0000000314, 'Zasas', 1, 41),
	(0000000315, 'Elejas', 1, 42),
	(0000000316, 'Glūdas', 1, 42),
	(0000000317, 'Jaunsvirlaukas', 1, 42),
	(0000000318, 'Kalnciema', 1, 42),
	(0000000319, 'Lielplatones', 1, 42),
	(0000000320, 'Līvbērzes', 1, 42),
	(0000000321, 'Platones', 1, 42),
	(0000000322, 'Sesavas', 1, 42),
	(0000000323, 'Svētes', 1, 42),
	(0000000324, 'Valgundes', 1, 42),
	(0000000325, 'Vilces', 1, 42),
	(0000000326, 'Vircavas', 1, 42),
	(0000000327, 'Zaļenieku', 1, 42),
	(0000000328, 'Cēres', 1, 43),
	(0000000329, 'Kandavas', 1, 43),
	(0000000330, 'Kandavas', 2, 43),
	(0000000331, 'Matkules', 1, 43),
	(0000000332, 'Vānes', 1, 43),
	(0000000333, 'Zantes', 1, 43),
	(0000000334, 'Zemītes', 1, 43),
	(0000000335, 'Goliševas', 1, 44),
	(0000000336, 'Kārsavas', 2, 44),
	(0000000337, 'Malnavas', 1, 44),
	(0000000338, 'Mērdzenes', 1, 44),
	(0000000339, 'Mežvidu', 1, 44),
	(0000000340, 'Salnavas', 1, 44),
	(0000000341, 'Bērzaines', 1, 45),
	(0000000342, 'Dikļu', 1, 45),
	(0000000343, 'Kocēnu', 1, 45),
	(0000000344, 'Vaidavas', 1, 45),
	(0000000345, 'Zilākalna', 1, 45),
	(0000000346, 'Bebru', 1, 46),
	(0000000347, 'Iršu', 1, 46),
	(0000000348, 'Kokneses', 1, 46),
	(0000000349, 'Aulejas', 1, 47),
	(0000000350, 'Indras', 1, 47),
	(0000000351, 'Izvaltas', 1, 47),
	(0000000352, 'Kalniešu', 1, 47),
	(0000000353, 'Kaplavas', 1, 47),
	(0000000354, 'Kombuļu', 1, 47),
	(0000000355, 'Krāslavas', 1, 47),
	(0000000356, 'Krāslavas', 2, 47),
	(0000000357, 'Piedrujas', 1, 47),
	(0000000358, 'Robežnieku', 1, 47),
	(0000000359, 'Skaistas', 1, 47),
	(0000000360, 'Ūdrīšu', 1, 47),
	(0000000361, 'Krimuldas', 1, 48),
	(0000000362, 'Lēdurgas', 1, 48),
	(0000000363, 'Atašienes', 1, 49),
	(0000000364, 'Krustpils', 1, 49),
	(0000000365, 'Kūku', 1, 49),
	(0000000366, 'Mežāres', 1, 49),
	(0000000367, 'Variešu', 1, 49),
	(0000000368, 'Vīpes', 1, 49),
	(0000000369, 'Ēdoles', 1, 50),
	(0000000370, 'Gudenieku', 1, 50),
	(0000000371, 'Īvandes', 1, 50),
	(0000000372, 'Kabiles', 1, 50),
	(0000000373, 'Kuldīgas', 2, 50),
	(0000000374, 'Kurmāles', 1, 50),
	(0000000375, 'Laidu', 1, 50),
	(0000000376, 'Padures', 1, 50),
	(0000000377, 'Pelču', 1, 50),
	(0000000378, 'Rendas', 1, 50),
	(0000000379, 'Rumbas', 1, 50),
	(0000000380, 'Snēpeles', 1, 50),
	(0000000381, 'Turlavas', 1, 50),
	(0000000382, 'Vārmes', 1, 50),
	(0000000383, 'Birzgales', 1, 51),
	(0000000384, 'Ķeguma', 2, 51),
	(0000000385, 'Rembates', 1, 51),
	(0000000386, 'Tomes', 1, 51),
	(0000000387, 'Baložu', 2, 52),
	(0000000388, 'Daugmales', 1, 52),
	(0000000389, 'Ķekavas', 1, 52),
	(0000000390, 'Jumpravas', 1, 53),
	(0000000391, 'Lēdmanes', 1, 53),
	(0000000392, 'Lielvārdes', 1, 53),
	(0000000393, 'Lielvārdes', 2, 53),
	(0000000394, 'Līgatnes', 1, 54),
	(0000000395, 'Līgatnes', 2, 54),
	(0000000396, 'Katvaru', 1, 55),
	(0000000397, 'Limbažu', 1, 55),
	(0000000398, 'Limbažu', 2, 55),
	(0000000399, 'Pāles', 1, 55),
	(0000000400, 'Skultes', 1, 55),
	(0000000401, 'Umurgas', 1, 55),
	(0000000402, 'Vidrižu', 1, 55),
	(0000000403, 'Viļķenes', 1, 55),
	(0000000404, 'Jersikas', 1, 56),
	(0000000405, 'Līvānu', 2, 56),
	(0000000406, 'Rožupes', 1, 56),
	(0000000407, 'Rudzātu', 1, 56),
	(0000000408, 'Sutru', 1, 56),
	(0000000409, 'Turku', 1, 56),
	(0000000410, 'Indrānu', 1, 57),
	(0000000411, 'Lubānas', 2, 57),
	(0000000412, 'Briģu', 1, 58),
	(0000000413, 'Cirmas', 1, 58),
	(0000000414, 'Isnaudas', 1, 58),
	(0000000415, 'Istras', 1, 58),
	(0000000416, 'Ludzas', 2, 58),
	(0000000417, 'Nirzas', 1, 58),
	(0000000418, 'Ņukšu', 1, 58),
	(0000000419, 'Pildas', 1, 58),
	(0000000420, 'Pureņu', 1, 58),
	(0000000421, 'Rundēnu', 1, 58),
	(0000000422, 'Aronas', 1, 59),
	(0000000423, 'Barkavas', 1, 59),
	(0000000424, 'Bērzaunes', 1, 59),
	(0000000425, 'Dzelzavas', 1, 59),
	(0000000426, 'Kalsnavas', 1, 59),
	(0000000427, 'Lazdonas', 1, 59),
	(0000000428, 'Liezēres', 1, 59),
	(0000000429, 'Ļaudonas', 1, 59),
	(0000000430, 'Madonas', 2, 59),
	(0000000431, 'Mārcienas', 1, 59),
	(0000000432, 'Mētrienas', 1, 59),
	(0000000433, 'Ošupes', 1, 59),
	(0000000434, 'Praulienas', 1, 59),
	(0000000435, 'Sarkaņu', 1, 59),
	(0000000436, 'Vestienas', 1, 59),
	(0000000437, 'Mazsalacas', 1, 62),
	(0000000438, 'Mazsalacas', 2, 62),
	(0000000439, 'Ramatas', 1, 62),
	(0000000440, 'Sēļu', 1, 62),
	(0000000441, 'Skaņkalnes', 1, 62),
	(0000000442, 'Ķoņu', 1, 64),
	(0000000443, 'Naukšēnu', 1, 64),
	(0000000444, 'Mazzalves', 1, 65),
	(0000000445, 'Neretas', 1, 65),
	(0000000446, 'Pilskalnes', 1, 65),
	(0000000447, 'Zalves', 1, 65),
	(0000000448, 'Nīcas', 1, 66),
	(0000000449, 'Otaņķu', 1, 66),
	(0000000450, 'Krapes', 1, 67),
	(0000000451, 'Ķeipenes', 1, 67),
	(0000000452, 'Lauberes', 1, 67),
	(0000000453, 'Madlienas', 1, 67),
	(0000000454, 'Mazozolu', 1, 67),
	(0000000455, 'Meņģeles', 1, 67),
	(0000000456, 'Ogresgala', 1, 67),
	(0000000457, 'Ogres', 2, 67),
	(0000000458, 'Suntažu', 1, 67),
	(0000000459, 'Taurupes', 1, 67),
	(0000000460, 'Olaines', 1, 68),
	(0000000461, 'Olaines', 2, 68),
	(0000000462, 'Cenu', 1, 69),
	(0000000463, 'Ozolnieku', 1, 69),
	(0000000464, 'Salgales', 1, 69),
	(0000000465, 'Raiskuma', 1, 70),
	(0000000466, 'Stalbes', 1, 70),
	(0000000467, 'Straupes', 1, 70),
	(0000000468, 'Pāvilostas', 2, 71),
	(0000000469, 'Sakas', 1, 71),
	(0000000470, 'Vērgales', 1, 71),
	(0000000471, 'Aiviekstes', 1, 72),
	(0000000472, 'Klintaines', 1, 72),
	(0000000473, 'Pļaviņu', 2, 72),
	(0000000474, 'Vietalvas', 1, 72),
	(0000000475, 'Aizkalnes', 1, 73),
	(0000000476, 'Pelēču', 1, 73),
	(0000000477, 'Preiļu', 1, 73),
	(0000000478, 'Preiļu', 2, 73),
	(0000000479, 'Saunas', 1, 73),
	(0000000480, 'Bunkas', 1, 74),
	(0000000481, 'Gramzdas', 1, 74),
	(0000000482, 'Kalētu', 1, 74),
	(0000000483, 'Priekules', 1, 74),
	(0000000484, 'Priekules', 2, 74),
	(0000000485, 'Virgas', 1, 74),
	(0000000486, 'Liepas', 1, 75),
	(0000000487, 'Mārsnēnu', 1, 75),
	(0000000488, 'Priekuļu', 1, 75),
	(0000000489, 'Veselavas', 1, 75),
	(0000000490, 'Drustu', 1, 76),
	(0000000491, 'Raunas', 1, 76),
	(0000000492, 'Audriņu', 1, 77),
	(0000000493, 'Bērzgales', 1, 77),
	(0000000494, 'Čornajas', 1, 77),
	(0000000495, 'Dricānu', 1, 77),
	(0000000496, 'Feimaņu', 1, 77),
	(0000000497, 'Gaigalavas', 1, 77),
	(0000000498, 'Griškānu', 1, 77),
	(0000000499, 'Ilzeskalna', 1, 77),
	(0000000500, 'Kantinieku', 1, 77),
	(0000000501, 'Kaunatas', 1, 77),
	(0000000502, 'Lendžu', 1, 77),
	(0000000503, 'Lūznavas', 1, 77),
	(0000000504, 'Mākoņkalna', 1, 77),
	(0000000505, 'Maltas', 1, 77),
	(0000000506, 'Nagļu', 1, 77),
	(0000000507, 'Nautrēnu', 1, 77),
	(0000000508, 'Ozolaines', 1, 77),
	(0000000509, 'Ozolmuižas', 1, 77),
	(0000000510, 'Pušas', 1, 77),
	(0000000511, 'Rikavas', 1, 77),
	(0000000512, 'Sakstagala', 1, 77),
	(0000000513, 'Silmalas', 1, 77),
	(0000000514, 'Stoļerovas', 1, 77),
	(0000000515, 'Stružānu', 1, 77),
	(0000000516, 'Vērēmu', 1, 77),
	(0000000517, 'Galēnu', 1, 78),
	(0000000518, 'Riebiņu', 1, 78),
	(0000000519, 'Rušonas', 1, 78),
	(0000000520, 'Silajāņu', 1, 78),
	(0000000521, 'Sīļukalna', 1, 78),
	(0000000522, 'Stabulnieku', 1, 78),
	(0000000523, 'Dunikas', 1, 81),
	(0000000524, 'Rucavas', 1, 81),
	(0000000525, 'Lazdukalna', 1, 82),
	(0000000526, 'Rugāju', 1, 82),
	(0000000527, 'Ipiķu', 1, 83),
	(0000000528, 'Jeru', 1, 83),
	(0000000529, 'Lodes', 1, 83),
	(0000000530, 'Rūjienas', 2, 83),
	(0000000531, 'Vilpulkas', 1, 83),
	(0000000532, 'Rundāles', 1, 84),
	(0000000533, 'Svitenes', 1, 84),
	(0000000534, 'Viesturu', 1, 84),
	(0000000535, 'Ainažu', 1, 85),
	(0000000536, 'Ainažu', 2, 85),
	(0000000537, 'Liepupes', 1, 85),
	(0000000538, 'Salacgrīvas', 1, 85),
	(0000000539, 'Salacgrīvas', 2, 85),
	(0000000540, 'Salas', 1, 86),
	(0000000541, 'Sēlpils', 1, 86),
	(0000000542, 'Salaspils', 1, 87),
	(0000000543, 'Salaspils', 2, 87),
	(0000000544, 'Ezeres', 1, 88),
	(0000000545, 'Jaunauces', 1, 88),
	(0000000546, 'Jaunlutriņu', 1, 88),
	(0000000547, 'Kursīšu', 1, 88),
	(0000000548, 'Lutriņu', 1, 88),
	(0000000549, 'Nīgrandes', 1, 88),
	(0000000550, 'Novadnieku', 1, 88),
	(0000000551, 'Pampāļu', 1, 88),
	(0000000552, 'Rubas', 1, 88),
	(0000000553, 'Saldus', 1, 88),
	(0000000554, 'Saldus', 2, 88),
	(0000000555, 'Šķēdes', 1, 88),
	(0000000556, 'Vadakstes', 1, 88),
	(0000000557, 'Zaņas', 1, 88),
	(0000000558, 'Zirņu', 1, 88),
	(0000000559, 'Zvārdes', 1, 88),
	(0000000560, 'Saulkrastu', 1, 89),
	(0000000561, 'Saulkrastu', 2, 89),
	(0000000562, 'Allažu', 1, 91),
	(0000000563, 'Mores', 1, 91),
	(0000000564, 'Siguldas', 1, 91),
	(0000000565, 'Siguldas', 2, 91),
	(0000000566, 'Nīkrāces', 1, 93),
	(0000000567, 'Raņķu', 1, 93),
	(0000000568, 'Rudbāržu', 1, 93),
	(0000000569, 'Skrundas', 1, 93),
	(0000000570, 'Skrundas', 2, 93),
	(0000000571, 'Bilskas', 1, 94),
	(0000000572, 'Blomes', 1, 94),
	(0000000573, 'Brantu', 1, 94),
	(0000000574, 'Grundzāles', 1, 94),
	(0000000575, 'Launkalnes', 1, 94),
	(0000000576, 'Palsmanes', 1, 94),
	(0000000577, 'Smiltenes', 1, 94),
	(0000000578, 'Smiltenes', 2, 94),
	(0000000579, 'Variņu', 1, 94),
	(0000000580, 'Jērcēnu', 1, 96),
	(0000000581, 'Plāņu', 1, 96),
	(0000000582, 'Sedas', 2, 96),
	(0000000583, 'Strenču', 2, 96),
	(0000000584, 'Abavas', 1, 97),
	(0000000585, 'Ārlavas', 1, 97),
	(0000000586, 'Balgales', 1, 97),
	(0000000587, 'Ģibuļu', 1, 97),
	(0000000588, 'Īves', 1, 97),
	(0000000589, 'Ķūļciema', 1, 97),
	(0000000590, 'Laidzes', 1, 97),
	(0000000591, 'Laucienes', 1, 97),
	(0000000592, 'Lībagu', 1, 97),
	(0000000593, 'Lubes', 1, 97),
	(0000000594, 'Sabiles', 2, 97),
	(0000000595, 'Stendes', 2, 97),
	(0000000596, 'Strazdes', 1, 97),
	(0000000597, 'Talsu', 2, 97),
	(0000000598, 'Valdemārpils', 2, 97),
	(0000000599, 'Valdgales', 1, 97),
	(0000000600, 'Vandzenes', 1, 97),
	(0000000601, 'Virbu', 1, 97),
	(0000000602, 'Augstkalnes', 1, 98),
	(0000000603, 'Bukaišu', 1, 98),
	(0000000604, 'Tērvetes', 1, 98),
	(0000000605, 'Degoles', 1, 99),
	(0000000606, 'Džūkstes', 1, 99),
	(0000000607, 'Irlavas', 1, 99),
	(0000000608, 'Jaunsātu', 1, 99),
	(0000000609, 'Lestenes', 1, 99),
	(0000000610, 'Pūres', 1, 99),
	(0000000611, 'Sēmes', 1, 99),
	(0000000612, 'Slampes', 1, 99),
	(0000000613, 'Tukuma', 2, 99),
	(0000000614, 'Tumes', 1, 99),
	(0000000615, 'Zentenes', 1, 99),
	(0000000616, 'Embūtes', 1, 100),
	(0000000617, 'Vaiņodes', 1, 100),
	(0000000618, 'Ērģemes', 1, 101),
	(0000000619, 'Kārķu', 1, 101),
	(0000000620, 'Valkas', 1, 101),
	(0000000621, 'Valkas', 2, 101),
	(0000000622, 'Vijciema', 1, 101),
	(0000000623, 'Zvārtavas', 1, 101),
	(0000000624, 'Murmastienes', 1, 102),
	(0000000625, 'Varakļānu', 1, 102),
	(0000000626, 'Varakļānu', 2, 102),
	(0000000627, 'Rožkalnu', 1, 103),
	(0000000628, 'Upmalas', 1, 103),
	(0000000629, 'Vārkavas', 1, 103),
	(0000000630, 'Dzērbenes', 1, 104),
	(0000000631, 'Inešu', 1, 104),
	(0000000632, 'Kaives', 1, 104),
	(0000000633, 'Taurenes', 1, 104),
	(0000000634, 'Vecpiebalgas', 1, 104),
	(0000000635, 'Bārbeles', 1, 105),
	(0000000636, 'Kurmenes', 1, 105),
	(0000000637, 'Skaistkalnes', 1, 105),
	(0000000638, 'Stelpes', 1, 105),
	(0000000639, 'Valles', 1, 105),
	(0000000640, 'Vecumnieku', 1, 105),
	(0000000641, 'Ances', 1, 106),
	(0000000642, 'Jūrkalnes', 1, 106),
	(0000000643, 'Piltenes', 1, 106),
	(0000000644, 'Piltenes', 2, 106),
	(0000000645, 'Popes', 1, 106),
	(0000000646, 'Puzes', 1, 106),
	(0000000647, 'Tārgales', 1, 106),
	(0000000648, 'Ugāles', 1, 106),
	(0000000649, 'Usmas', 1, 106),
	(0000000650, 'Užavas', 1, 106),
	(0000000651, 'Vārves', 1, 106),
	(0000000652, 'Ziru', 1, 106),
	(0000000653, 'Zlēku', 1, 106),
	(0000000654, 'Elkšņu', 1, 107),
	(0000000655, 'Rites', 1, 107),
	(0000000656, 'Saukas', 1, 107),
	(0000000657, 'Viesītes', 1, 107),
	(0000000658, 'Viesītes', 2, 107),
	(0000000659, 'Kupravas', 1, 108),
	(0000000660, 'Medņevas', 1, 108),
	(0000000661, 'Susāju', 1, 108),
	(0000000662, 'Šķilbēnu', 1, 108),
	(0000000663, 'Vecumu', 1, 108),
	(0000000664, 'Viļakas', 2, 108),
	(0000000665, 'Žīguru', 1, 108),
	(0000000666, 'Dekšāres', 1, 109),
	(0000000667, 'Sokolku', 1, 109),
	(0000000668, 'Viļānu', 1, 109),
	(0000000669, 'Lauderu', 1, 110),
	(0000000670, 'Pasienes', 1, 110),
	(0000000671, 'Zaļesjes', 1, 110),
	(0000000672, 'Zilupes', 2, 110);
/*!40000 ALTER TABLE `novadi` ENABLE KEYS */;


-- Dumping structure for table latvianterritory.pilsetas
DROP TABLE IF EXISTS `pilsetas`;
CREATE TABLE IF NOT EXISTS `pilsetas` (
  `id` int(10) unsigned zerofill NOT NULL AUTO_INCREMENT,
  `nosaukums` varchar(15) NOT NULL,
  PRIMARY KEY (`id`)
) ENGINE=InnoDB AUTO_INCREMENT=10 DEFAULT CHARSET=utf8 COMMENT='Republikas pilsētas';

-- Dumping data for table latvianterritory.pilsetas: ~9 rows (approximately)
DELETE FROM `pilsetas`;
/*!40000 ALTER TABLE `pilsetas` DISABLE KEYS */;
INSERT INTO `pilsetas` (`id`, `nosaukums`) VALUES
	(0000000001, 'Daugavpils'),
	(0000000002, 'Jēkabpils'),
	(0000000003, 'Jelgava'),
	(0000000004, 'Jūrmala'),
	(0000000005, 'Liepāja'),
	(0000000006, 'Rēzekne'),
	(0000000007, 'Rīga'),
	(0000000008, 'Valmiera'),
	(0000000009, 'Ventspils');
/*!40000 ALTER TABLE `pilsetas` ENABLE KEYS */;


-- Dumping structure for table latvianterritory.tipi
DROP TABLE IF EXISTS `tipi`;
CREATE TABLE IF NOT EXISTS `tipi` (
  `id` int(10) unsigned zerofill NOT NULL AUTO_INCREMENT,
  `nosaukums` varchar(15) NOT NULL,
  PRIMARY KEY (`id`)
) ENGINE=InnoDB AUTO_INCREMENT=4 DEFAULT CHARSET=utf8 COMMENT='Novadu tipi (novads, pilsēta, pagasts u.c.)';

-- Dumping data for table latvianterritory.tipi: ~3 rows (approximately)
DELETE FROM `tipi`;
/*!40000 ALTER TABLE `tipi` DISABLE KEYS */;
INSERT INTO `tipi` (`id`, `nosaukums`) VALUES
	(0000000001, 'pagasts'),
	(0000000002, 'pilsēta'),
	(0000000003, 'novads');
/*!40000 ALTER TABLE `tipi` ENABLE KEYS */;
/*!40014 SET FOREIGN_KEY_CHECKS=1 */;
/*!40101 SET CHARACTER_SET_CLIENT=@OLD_CHARACTER_SET_CLIENT */;
